Workbook

Sheet Agentic Delivery Assessment
B1: AGENTIC DELIVERY READINESS ASSESSMENT
B2: ASSESSMENT INSTRUCTIONS For each assessment statement, select the maturity score that best reflects your organisation's current level of readiness for introducing, governing and scaling AI agents across delivery teams. Score each question using the Agentic Delivery Maturity Model™ below. Select the score that most accurately represents your organisation's current capabilities and operating practices rather than future aspirations or planned initiatives. Where evidence is limited, inconsistent or informal, select the lower maturity score. Assessment responses should be based on documented processes, established governance, measurable outcomes and demonstrable organisational capability. AGENTIC DELIVERY MATURITY SCORING MODEL Score Maturity Level Description 1 Assisted Delivery Individuals use AI tools to support personal productivity. Agent usage is informal, isolated and largely unmanaged. Governance, oversight and operating models are limited or non-existent. 2 Coordinated Agents AI agents support specific team activities and delivery processes. Early use cases exist, but adoption remains fragmented with limited governance and oversight. 3 Governed Agentic Delivery Governance structures, operating models and human oversight mechanisms are established. AI agents are deployed in controlled environments with defined accountability and measurable outcomes. 4 Scaled Agent Workforce AI agents are embedded across delivery functions and teams. Standardised governance, workforce design and performance management practices support consistent adoption and value realisation 5 Autonomous Enterprise Delivery Human-agent ecosystems operate at scale across the enterprise. AI agents are strategically integrated into delivery operations with continuous optimisation, measurable business value and mature governance controls.
B3: Organisation Name | C3: Business Unit | D3: Assessment Date | E3: Assessment Lead | F3: Executive Sponsor
D6: CHOSEN LEVEL | E6: Assisted Delivery | F6: Coordinated Agents | G6: Governed Agentic Delivery | H6: Scaled Agent Workforce | I6: Autonomous Enterprise Delivery
C7: Evaluate each statement using the Agentic Delivery Maturity Scale (1–5) and select the level that best reflects your organisation's current capability. | E7: – 1 – | F7: – 2 – | G7: – 3 – | H7: – 4 – | I7: – 5 –
B8: STRATEGY & VALUE | C8: Is there an approved Agentic Delivery Strategy? | D8: =SUM(E8:I8) -> 2 | F8: 2
C9: Are agent use cases linked to business outcomes? | D9: =SUM(E9:I9) -> 2 | F9: 2
C10: Are benefits measures defined? | D10: =SUM(E10:I10) -> 0
C11: Is funding allocated? | D11: =SUM(E11:I11) -> 0
C12: Is an implementation roadmap defined? | D12: =SUM(E12:I12) -> 0
B13: GOVERNANCE & RISK | C13: Is agent ownership defined? | D13: =SUM(E13:I13) -> 0
C14: Are governance forums established? | D14: =SUM(E14:I14) -> 0
C15: Are approval controls documented? | D15: =SUM(E15:I15) -> 0
C16: Are AI risks assessed? | D16: =SUM(E16:I16) -> 0
C17: Are escalation paths defined? | D17: =SUM(E17:I17) -> 0
B18: HUMAN-IN-THE-LOOP OPERATING MODEL | C18: Are decision rights documented? | D18: =SUM(E18:I18) -> 1 | E18: 1
C19: Are approval thresholds defined? | D19: =SUM(E19:I19) -> 0
C20: Are human oversight controls implemented? | D20: =SUM(E20:I20) -> 0
C21: Are escalation mechanisms established? | D21: =SUM(E21:I21) -> 0
C22: Are autonomous activities clearly defined? | D22: =SUM(E22:I22) -> 0
B23: AGENT WORKFORCE DESIGN | C23: Have agent roles been identified? | D23: =SUM(E23:I23) -> 0
C24: Is an agent catalogue established? | D24: =SUM(E24:I24) -> 0
C25: Are workforce impacts assessed? | D25: =SUM(E25:I25) -> 0
C26: Are human-agent workflows defined? | D26: =SUM(E26:I26) -> 0
C27: Are skills requirements understood? | D27: =SUM(E27:I27) -> 0
B28: TECHNOLOGY & ARCHITECTURE | C28: Is an agent platform available? | D28: =SUM(E28:I28) -> 0
C29: Are enterprise integrations supported? | D29: =SUM(E29:I29) -> 0
C30: Is orchestration capability available? | D30: =SUM(E30:I30) -> 0
C31: Are security controls implemented? | D31: =SUM(E31:I31) -> 0
C32: Are monitoring capabilities established? | D32: =SUM(E32:I32) -> 0
B33: MEASUREMENT & OPTIMISATION | C33: Are adoption metrics tracked? | D33: =SUM(E33:I33) -> 0
C34: Are productivity improvements measured? | D34: =SUM(E34:I34) -> 0
C35: Are quality metrics monitored? | D35: =SUM(E35:I35) -> 0
C36: Are benefits tracked? | D36: =SUM(E36:I36) -> 0
C37: Are optimisation reviews performed? | D37: =SUM(E37:I37) -> 0

Sheet Agentic Delivery Maturity Matri
B2: Domain | C2: Assisted Delivery (1) | D2: Coordinated Agents (2) | E2: Governed Agentic Delivery (3) | F2: Scaled Agent Workforce (4) | G2: Autonomous Enterprise Delivery (5)
B3: Strategy & Value | C3: No formal Agentic Delivery strategy exists. AI agents are used opportunistically with no clear business objectives. | D3: Agent opportunities are being explored and discussed. Initial use cases are emerging. | E3: Agent strategy is defined and aligned to business objectives. Priority use cases and expected outcomes are identified. | F3: Agent strategy is approved, funded and actively managed. Benefits and value realisation are measured. | G3: Agent strategy is embedded into enterprise planning and continuously optimised based on business outcomes and value delivered.
B4: Governance & Risk | C4: Governance, accountability and risk management for AI agents are largely undefined. | D4: Initial governance discussions are taking place and ownership is emerging. | E4: Governance structures, approval processes and risk controls are established for agent deployment. | F4: Governance is consistently applied across delivery teams with active executive oversight and risk monitoring. | G4: Governance is fully integrated into enterprise operations with continuous assurance, compliance monitoring and optimisation.
B5: Human-in-the-Loop Operating Model | C5: Human oversight responsibilities are undefined. Agent decision-making boundaries are unclear. | D5: Some human review activities exist, but controls are inconsistent. | E5: Human oversight, approval thresholds and escalation processes are documented and understood. | F5: Human-agent collaboration is embedded within delivery processes and monitored through defined controls. | G5: Human accountability, oversight and autonomous decision boundaries are optimised and continuously refined.
B6: Agent Workforce Design | C6: Agent roles and workforce impacts have not been assessed. | D6: Initial agent roles and use cases are being explored within selected teams. | E6: Agent roles, responsibilities and workforce implications are defined and documented. | F6: Agents are embedded into delivery teams with clear operating models, role definitions and capability plans. | G6: Human-agent ecosystems operate effectively across the enterprise with continuous workforce optimisation.
B7: Technology & Architecture | C7: Technology platforms and infrastructure are not prepared to support AI agents. | D7: Limited technology capabilities support isolated agent experimentation. | E7: Agent platforms, integrations and security controls are established for controlled deployment. | F7: Scalable and secure architecture supports agent deployment across multiple teams and business functions. | G7: Enterprise-wide agent platforms, orchestration and automation capabilities support large-scale autonomous delivery.
B8: Measurement & Optimisation | C8: Agent performance and value are not measured. | D8: Basic adoption and usage metrics are collected. | E8: Performance, productivity and value metrics are defined and regularly monitored. | F8: Benefits realisation, operational performance and adoption are actively managed and reported. | G8: Continuous optimisation is driven by advanced analytics, value realisation and performance improvement across the agent ecosystem.

Sheet Agentic Delivery Scoring Engine
A1: Agentic Delivery Scoring Engine
A3: Domain | B3: Score
A4: Strategy & Value | B4: =IFERROR(AVERAGEIF('Agentic Delivery Assessment'!D8:D12,">0",'Agentic Delivery Assessment'!D8:D12),"") -> 2
A5: Governance & Risk | B5: =IFERROR(AVERAGEIF('Agentic Delivery Assessment'!D13:D17,">0",'Agentic Delivery Assessment'!D13:D17),"")
A6: Human-in-the-Loop | B6: =IFERROR(AVERAGEIF('Agentic Delivery Assessment'!D18:D22,">0",'Agentic Delivery Assessment'!D18:D22),"") -> 1
A7: Agent Workforce Design | B7: =IFERROR(AVERAGEIF('Agentic Delivery Assessment'!D23:D27,">0",'Agentic Delivery Assessment'!D23:D27),"")
A8: Technology & Architecture | B8: =IFERROR(AVERAGEIF('Agentic Delivery Assessment'!D28:D32,">0",'Agentic Delivery Assessment'!D28:D32),"")
A9: Measurement & Optimisation | B9: =IFERROR(AVERAGEIF('Agentic Delivery Assessment'!D33:D37,">0",'Agentic Delivery Assessment'!D33:D37),"")
A10: Overall Agentic Delivery Score | B10: =IFERROR(AVERAGEIF(B4:B9,">0",B4:B9),"") -> 1.5
A11: Agentic Delivery Maturity Level | B11: =IF(B10="","Not Started",IF(B10<2,"Assisted Delivery",IF(B10<3,"Coordinated Agents",IF(B10<4,"Governed Agentic Delivery",IF(B10<4.5,"Scaled Agent Workforce","Autonomous Enterprise Delivery"))))) -> Assisted Delivery
A12: Risk Rating | B12: =IF(B10="","Not Started",IF(B10<2,"Critical Risk",IF(B10<3,"High Risk",IF(B10<4,"Moderate Risk",IF(B10<4.5,"Low Risk","Minimal Risk"))))) -> Critical Risk
A13: Agentic Delivery Index (/100) | B13: =IF(B10="","",ROUND((B10/5)*100,0)) -> 30
A14: Highest Scoring Dimension | B14: =IF(B10="","",INDEX(A4:A9,MATCH(MAX(B4:B9),B4:B9,0))) -> Strategy & Value
A15: Lowest Scoring Dimension | B15: =IF(B10="","",INDEX(A4:A9,MATCH(MIN(B4:B9),B4:B9,0))) -> Human-in-the-Loop
A16: Assessment Status | B16: =IF(COUNTIF('Agentic Delivery Assessment'!D8:D37,">0")=30,"Complete","In Progress") -> In Progress

Sheet Agentic Delivery Heatmap
A1: Domain | B1: Score | C1: Maturity Level | D1: Risk Rating
A2: Strategy & Value | B2: ='Agentic Delivery Scoring Engine'!B4 -> 2 | C2: =IF(B2="","",IF(B2<2,"Assisted Delivery",IF(B2<3,"Coordinated Agents",IF(B2<4,"Governed Agentic Delivery",IF(B2<4.5,"Scaled Agent Workforce","Autonomous Enterprise Delivery"))))) -> Coordinated Agents | D2: =IF(B2="","",IF(B2<2,"Critical Risk",IF(B2<3,"High Risk",IF(B2<4,"Moderate Risk",IF(B2<4.5,"Low Risk","Minimal Risk"))))) -> High Risk
A3: Governance & Risk | B3: ='Agentic Delivery Scoring Engine'!B5 | C3: =IF(B3="","",IF(B3<2,"Assisted Delivery",IF(B3<3,"Coordinated Agents",IF(B3<4,"Governed Agentic Delivery",IF(B3<4.5,"Scaled Agent Workforce","Autonomous Enterprise Delivery"))))) | D3: =IF(B3="","",IF(B3<2,"Critical Risk",IF(B3<3,"High Risk",IF(B3<4,"Moderate Risk",IF(B3<4.5,"Low Risk","Minimal Risk")))))
A4: Human-in-the-Loop | B4: ='Agentic Delivery Scoring Engine'!B6 -> 1 | C4: =IF(B4="","",IF(B4<2,"Assisted Delivery",IF(B4<3,"Coordinated Agents",IF(B4<4,"Governed Agentic Delivery",IF(B4<4.5,"Scaled Agent Workforce","Autonomous Enterprise Delivery"))))) -> Assisted Delivery | D4: =IF(B4="","",IF(B4<2,"Critical Risk",IF(B4<3,"High Risk",IF(B4<4,"Moderate Risk",IF(B4<4.5,"Low Risk","Minimal Risk"))))) -> Critical Risk
A5: Agent Workforce Design | B5: ='Agentic Delivery Scoring Engine'!B7 | C5: =IF(B5="","",IF(B5<2,"Assisted Delivery",IF(B5<3,"Coordinated Agents",IF(B5<4,"Governed Agentic Delivery",IF(B5<4.5,"Scaled Agent Workforce","Autonomous Enterprise Delivery"))))) | D5: =IF(B5="","",IF(B5<2,"Critical Risk",IF(B5<3,"High Risk",IF(B5<4,"Moderate Risk",IF(B5<4.5,"Low Risk","Minimal Risk")))))
A6: Technology & Architecture | B6: ='Agentic Delivery Scoring Engine'!B8 | C6: =IF(B6="","",IF(B6<2,"Assisted Delivery",IF(B6<3,"Coordinated Agents",IF(B6<4,"Governed Agentic Delivery",IF(B6<4.5,"Scaled Agent Workforce","Autonomous Enterprise Delivery"))))) | D6: =IF(B6="","",IF(B6<2,"Critical Risk",IF(B6<3,"High Risk",IF(B6<4,"Moderate Risk",IF(B6<4.5,"Low Risk","Minimal Risk")))))
A7: Measurement & Optimisation | B7: ='Agentic Delivery Scoring Engine'!B9 | C7: =IF(B7="","",IF(B7<2,"Assisted Delivery",IF(B7<3,"Coordinated Agents",IF(B7<4,"Governed Agentic Delivery",IF(B7<4.5,"Scaled Agent Workforce","Autonomous Enterprise Delivery"))))) | D7: =IF(B7="","",IF(B7<2,"Critical Risk",IF(B7<3,"High Risk",IF(B7<4,"Moderate Risk",IF(B7<4.5,"Low Risk","Minimal Risk")))))

Sheet Drop-Down Keys - Do Not Delete
B1: DROP-DOWN KEYS
B2: CHOSEN LEVEL | C2: SCORE
B3: Assisted Delivery | C3: 1
B4: Coordinated Agents | C4: 2
B5: Governed Agentic Delivery | C5: 3
B6: Scaled Agent Workforce | C6: 4
B7: Autonomous Enterprise Delivery | C7: 5
C8: 0

Sheet Agentic Delivery Dashboard
A1: Executive Dashboard | Agentic Delivery Assessment Workbook™
A3: Overall Agentic Delivery Score | B3: ='Agentic Delivery Scoring Engine'!B10 -> 1.5 | C3: Agentic Delivery Index | D3: ='Agentic Delivery Scoring Engine'!B13 -> 30 | E3: Current Maturity Level | F3: ='Agentic Delivery Scoring Engine'!B11 -> Assisted Delivery
A4: Risk Indicator | B4: ='Agentic Delivery Scoring Engine'!B12 -> Critical Risk | C4: Most Mature Capability | D4: =INDEX('Agentic Delivery Scoring Engine'!A4:A9,MATCH(MAX('Agentic Delivery Scoring Engine'!B4:B9),'Agentic Delivery Scoring Engine'!B4:B9,0)) -> Strategy & Value | E4: Highest Delivery Risk | F4: ='Agentic Delivery Scoring Engine'!B15 -> Human-in-the-Loop
A5: Priority Recommendation | B5: =IF('Agentic Delivery Scoring Engine'!B10<3,"Establish foundational Agentic Delivery capabilities including governance, human oversight, agent workforce design and delivery controls.",IF('Agentic Delivery Scoring Engine'!B10<4,"Strengthen operating models, governance frameworks, human-in-the-loop controls and technology capabilities to scale agent-enabled delivery.","Focus on scaling autonomous delivery capabilities, value realisation, workforce optimisation and continuous improvement across the agent ecosystem.")) -> Establish foundational Agentic Delivery capabilities including governance, human oversight, agent workforce design and delivery controls. | C5: Human Oversight Readiness | D5: ='Agentic Delivery Scoring Engine'!B6 -> 1 | E5: Human Oversight Maturity | F5: =IF(B6<2,"Low Human Oversight Readiness",IF(B6<3,"Developing Human Oversight Readiness",IF(B6<4,"Managed Human Oversight Readiness",IF(B6<4.5,"Strong Human Oversight Readiness","Optimised Human Oversight Readiness")))) -> Low Human Oversight Readiness
A7: Dimension | B7: Score | C7: Status
A8: Strategy & Value | B8: ='Agentic Delivery Heatmap'!B2 -> 2 | C8: ='Agentic Delivery Heatmap'!C2 -> Coordinated Agents
A9: Governance & Risk | B9: ='Agentic Delivery Heatmap'!B3 | C9: ='Agentic Delivery Heatmap'!C3
A10: Human-in-the-Loop | B10: ='Agentic Delivery Heatmap'!B4 -> 1 | C10: ='Agentic Delivery Heatmap'!C4 -> Assisted Delivery
A11: Agent Workforce Design | B11: ='Agentic Delivery Heatmap'!B5 | C11: ='Agentic Delivery Heatmap'!C5
A12: Technology & Architecture | B12: ='Agentic Delivery Heatmap'!B6 | C12: ='Agentic Delivery Heatmap'!C6
A13: Measurement & Optimisation | B13: ='Agentic Delivery Heatmap'!B7 | C13: ='Agentic Delivery Heatmap'!C7

Sheet Agentic Delivery Roadmap
A1: Improvement Roadmap
C4: Roadmap Item | D4: Formula
C5: Overall Agentic Delivery Score | D5: ='Agentic Delivery Scoring Engine'!B10 -> 1.5
C6: Agentic Delivery Maturity Level | D6: ='Agentic Delivery Scoring Engine'!B11 -> Assisted Delivery
C7: Risk Rating | D7: ='Agentic Delivery Scoring Engine'!B12 -> Critical Risk
C8: Highest Scoring Domain | D8: ='Agentic Delivery Scoring Engine'!B14 -> Strategy & Value
C9: Lowest Scoring Domain | D9: ='Agentic Delivery Scoring Engine'!B15 -> Human-in-the-Loop
C11: Executive Recommendation
C12: =IF('Agentic Delivery Scoring Engine'!B10="","Complete the Agentic Delivery Assessment to generate an executive recommendation.",IF('Agentic Delivery Scoring Engine'!B10<3,"The organisation should prioritise foundational Agentic Delivery capabilities over the next 0-3 months. Focus on strategy, governance ownership, human-in-the-loop controls, decision rights and workforce impact assessment.",IF('Agentic Delivery Scoring Engine'!B10<4,"The organisation has a developing Agentic Delivery maturity profile. Focus on formalising the operating model, strengthening governance and risk controls, embedding human oversight and enhancing technology platforms.",IF('Agentic Delivery Scoring Engine'!B10<4.5,"The organisation has a strong Agentic Delivery foundation. Focus on scaling agent adoption, optimising human-agent collaboration, strengthening measurement and accelerating value realisation.","The organisation demonstrates advanced Agentic Delivery maturity. Focus on continuous optimisation, autonomous delivery capabilities, enterprise-wide value realisation, governance excellence and sustained innovation.")))) -> The organisation should prioritise foundational Agentic Delivery capabilities over the next 0-3 months. Focus on strategy, governance ownership, human-in-the-loop controls, decision rights and workforce impact assessment.
C17: Immediate Priorities (0–3 Months)
C19: Trigger: Domain Score < 3.0
C21: These are capability gaps that present a significant risk to Agentic delivery adoption.
B23: Rank | C23: Domain | D23: Score | E23: Recommendation | F23: Priority
B24: 1 | C24: =IF(D24="","",INDEX('Agentic Delivery Scoring Engine'!$A$4:$A$9,MATCH(D24,'Agentic Delivery Scoring Engine'!$B$4:$B$9,0))) -> Human-in-the-Loop | D24: =IF(COUNT('Agentic Delivery Scoring Engine'!$B$4:$B$9)>=1,SMALL('Agentic Delivery Scoring Engine'!$B$4:$B$9,1),"") -> 1 | E24: =IF(C24="","",VLOOKUP(C24,'Domain Recommendation Library'!$B$7:$C$12,2,FALSE)) -> Define decision rights, approvals and escalation controls. | F24: ="Immediate Priority (0–3 Months)" -> Immediate Priority (0–3 Months)
B25: 2 | C25: =IF(D25="","",INDEX('Agentic Delivery Scoring Engine'!$A$4:$A$9,MATCH(D25,'Agentic Delivery Scoring Engine'!$B$4:$B$9,0))) -> Strategy & Value | D25: =IF(COUNT('Agentic Delivery Scoring Engine'!$B$4:$B$9)>=2,SMALL('Agentic Delivery Scoring Engine'!$B$4:$B$9,2),"") -> 2 | E25: =IF(C25="","",VLOOKUP(C25,'Domain Recommendation Library'!$B$7:$C$12,2,FALSE)) -> Develop and approve an Agentic Delivery Strategy and roadmap. | F25: ="Immediate Priority (0–3 Months)" -> Immediate Priority (0–3 Months)
B26: 3 | C26: =IF(D26="","",INDEX('Agentic Delivery Scoring Engine'!$A$4:$A$9,MATCH(D26,'Agentic Delivery Scoring Engine'!$B$4:$B$9,0))) | D26: =IF(COUNT('Agentic Delivery Scoring Engine'!$B$4:$B$9)>=3,SMALL('Agentic Delivery Scoring Engine'!$B$4:$B$9,3),"") | E26: =IF(C26="","",VLOOKUP(C26,'Domain Recommendation Library'!$B$7:$C$12,2,FALSE)) | F26: ="Immediate Priority (0–3 Months)" -> Immediate Priority (0–3 Months)
C30: Medium-Term Priorities (3–6 Months)
C32: Trigger: Domain Score between 3.0 and 3.9
C34: These are developing capabilities requiring formalisation.
B36: Rank | C36: Domain | D36: Score | E36: Recommendation | F36: Priority
B37: 1 | C37: =IF(D37="","",INDEX('Agentic Delivery Scoring Engine'!$A$4:$A$9,MATCH(D37,'Agentic Delivery Scoring Engine'!$B$4:$B$9,0))) | D37: =IF(COUNT('Agentic Delivery Scoring Engine'!$B$4:$B$9)>=4,SMALL('Agentic Delivery Scoring Engine'!$B$4:$B$9,4),"") | E37: =IF(C37="","",VLOOKUP(C37,'Domain Recommendation Library'!$B$7:$C$12,2,FALSE)) | F37: ="Medium-Term Priority (3–6 Months)" -> Medium-Term Priority (3–6 Months)
B38: 2 | C38: =IF(D38="","",INDEX('Agentic Delivery Scoring Engine'!$A$4:$A$9,MATCH(D38,'Agentic Delivery Scoring Engine'!$B$4:$B$9,0))) | D38: =IF(COUNT('Agentic Delivery Scoring Engine'!$B$4:$B$9)>=5,SMALL('Agentic Delivery Scoring Engine'!$B$4:$B$9,5),"") | E38: =IF(C38="","",VLOOKUP(C38,'Domain Recommendation Library'!$B$7:$C$12,2,FALSE)) | F38: ="Medium-Term Priority (3–6 Months)" -> Medium-Term Priority (3–6 Months)
B39: 3 | C39: =IF(D39="","",INDEX('Agentic Delivery Scoring Engine'!$A$4:$A$9,MATCH(D39,'Agentic Delivery Scoring Engine'!$B$4:$B$9,0))) | D39: =IF(COUNT('Agentic Delivery Scoring Engine'!$B$4:$B$9)>=6,SMALL('Agentic Delivery Scoring Engine'!$B$4:$B$9,6),"") | E39: =IF(C39="","",VLOOKUP(C39,'Domain Recommendation Library'!$B$7:$C$12,2,FALSE)) | F39: ="Medium-Term Priority (3–6 Months)" -> Medium-Term Priority (3–6 Months)
C45: Strategic Optimisation (6–12 Months)
C47: Trigger: Domain Score ≥ 4
C49: These areas are mature and should focus on optimisation and scale.
B51: Rank | C51: Domain | D51: Score | E51: Recommendation | F51: Priority
B52: 1 | C52: =IF(D52="","",INDEX('Agentic Delivery Scoring Engine'!$A$4:$A$9,MATCH(D52,'Agentic Delivery Scoring Engine'!$B$4:$B$9,0))) | D52: {=IFERROR(_xlfn.AGGREGATE(14,6,'Agentic Delivery Scoring Engine'!$B$4:$B$9/('Agentic Delivery Scoring Engine'!$B$4:$B$9>=4),1),"")} | E52: =IF(C52="","",VLOOKUP(C52,'Domain Recommendation Library'!$B$7:$C$12,2,FALSE)) | F52: ="Strategic Optimisation (6–12 Months)" -> Strategic Optimisation (6–12 Months)
B53: 2 | C53: =IF(D53="","",INDEX('Agentic Delivery Scoring Engine'!$A$4:$A$9,MATCH(D53,'Agentic Delivery Scoring Engine'!$B$4:$B$9,0))) | D53: {=IFERROR(_xlfn.AGGREGATE(14,6,'Agentic Delivery Scoring Engine'!$B$4:$B$9/('Agentic Delivery Scoring Engine'!$B$4:$B$9>=4),2),"")} | E53: =IF(C53="","",VLOOKUP(C53,'Domain Recommendation Library'!$B$7:$C$12,2,FALSE)) | F53: ="Strategic Optimisation (6–12 Months)" -> Strategic Optimisation (6–12 Months)
B54: 3 | C54: =IF(D54="","",INDEX('Agentic Delivery Scoring Engine'!$A$4:$A$9,MATCH(D54,'Agentic Delivery Scoring Engine'!$B$4:$B$9,0))) | D54: {=IFERROR(_xlfn.AGGREGATE(14,6,'Agentic Delivery Scoring Engine'!$B$4:$B$9/('Agentic Delivery Scoring Engine'!$B$4:$B$9>=4),3),"")} | E54: =IF(C54="","",VLOOKUP(C54,'Domain Recommendation Library'!$B$7:$C$12,2,FALSE)) | F54: ="Strategic Optimisation (6–12 Months)" -> Strategic Optimisation (6–12 Months)

Sheet Agentic Delivery Executive Repo
A1: Agentic Delivery Assessment Report™
A3: Organisation Name | B3: =IF('Agentic Delivery Assessment'!B4="","",'Agentic Delivery Assessment'!B4)
A4: Assessment Date | B4: =IF('Agentic Delivery Assessment'!D4="","",'Agentic Delivery Assessment'!D4)
A5: Assessment Lead | B5: =IF('Agentic Delivery Assessment'!E4="","",'Agentic Delivery Assessment'!E4)
A6: Executive Sponsor | B6: =IF('Agentic Delivery Assessment'!F4="","",'Agentic Delivery Assessment'!F4)
B11: Overall Agentic Delivery Score | C11: ='Agentic Delivery Scoring Engine'!B10 -> 1.5
B12: Agentic Maturity Level | C12: ='Agentic Delivery Scoring Engine'!B11 -> Assisted Delivery
B13: Agentic Delivery Index | C13: ='Agentic Delivery Scoring Engine'!B13 -> 30
B14: Risk Rating | C14: ='Agentic Delivery Scoring Engine'!B12 -> Critical Risk
A17: Top 3 Strengths | B17: Top 3 Improvement Areas
A18: =IFERROR(INDEX('Agentic Delivery Scoring Engine'!$A$4:$A$9,MATCH(LARGE('Agentic Delivery Scoring Engine'!$B$4:$B$9,1),'Agentic Delivery Scoring Engine'!$B$4:$B$9,0))&" ("&TEXT(LARGE('Agentic Delivery Scoring Engine'!$B$4:$B$9,1),"0.00")&")","") -> Strategy & Value (2.00) | B18: =IFERROR(INDEX('Agentic Delivery Scoring Engine'!$A$4:$A$9,MATCH(SMALL('Agentic Delivery Scoring Engine'!$B$4:$B$9,1),'Agentic Delivery Scoring Engine'!$B$4:$B$9,0))&" ("&TEXT(SMALL('Agentic Delivery Scoring Engine'!$B$4:$B$9,1),"0.00")&")","") -> Human-in-the-Loop (1.00)
A19: =IFERROR(INDEX('Agentic Delivery Scoring Engine'!$A$4:$A$9,MATCH(LARGE('Agentic Delivery Scoring Engine'!$B$4:$B$9,2),'Agentic Delivery Scoring Engine'!$B$4:$B$9,0))&" ("&TEXT(LARGE('Agentic Delivery Scoring Engine'!$B$4:$B$9,2),"0.00")&")","") -> Human-in-the-Loop (1.00) | B19: =IFERROR(INDEX('Agentic Delivery Scoring Engine'!$A$4:$A$9,MATCH(SMALL('Agentic Delivery Scoring Engine'!$B$4:$B$9,2),'Agentic Delivery Scoring Engine'!$B$4:$B$9,0))&" ("&TEXT(SMALL('Agentic Delivery Scoring Engine'!$B$4:$B$9,2),"0.00")&")","") -> Strategy & Value (2.00)
A20: =IFERROR(INDEX('Agentic Delivery Scoring Engine'!$A$4:$A$9,MATCH(LARGE('Agentic Delivery Scoring Engine'!$B$4:$B$9,3),'Agentic Delivery Scoring Engine'!$B$4:$B$9,0))&" ("&TEXT(LARGE('Agentic Delivery Scoring Engine'!$B$4:$B$9,3),"0.00")&")","") | B20: =IFERROR(INDEX('Agentic Delivery Scoring Engine'!$A$4:$A$9,MATCH(SMALL('Agentic Delivery Scoring Engine'!$B$4:$B$9,3),'Agentic Delivery Scoring Engine'!$B$4:$B$9,0))&" ("&TEXT(SMALL('Agentic Delivery Scoring Engine'!$B$4:$B$9,3),"0.00")&")","")
A22: Executive Recommendation
A23: =IF('Agentic Delivery Scoring Engine'!B10<3,"Establish foundational Agentic Delivery capabilities including strategy, governance, human-in-the-loop controls, executive sponsorship, decision rights and agent workforce planning.",IF('Agentic Delivery Scoring Engine'!B10<4,"Formalise the Agentic Delivery operating model, strengthen governance and risk controls, embed human oversight mechanisms, expand agent-enabled delivery capabilities and enhance supporting technology platforms.","Scale autonomous delivery capabilities, optimise the human-agent workforce, accelerate value realisation, mature performance reporting and drive continuous improvement across the agent ecosystem.")) -> Establish foundational Agentic Delivery capabilities including strategy, governance, human-in-the-loop controls, executive sponsorship, decision rights and agent workforce planning.
A28: Roadmap Summary
A29: =IF('Agentic Delivery Scoring Engine'!B10<3,"0–3 Month Focus: Establish foundational Agentic Delivery capabilities including strategy, governance, human-in-the-loop controls, executive sponsorship, decision rights and agent workforce planning.",IF('Agentic Delivery Scoring Engine'!B10<4,"3–6 Month Focus: Formalise the Agentic Delivery operating model, strengthen governance and risk controls, embed human oversight mechanisms, expand agent-enabled delivery capabilities and enhance supporting technology platforms.","6–12 Month Focus: Scale autonomous delivery capabilities, optimise the human-agent workforce, accelerate value realisation, mature performance reporting and drive continuous improvement across the agent ecosystem.")) -> 0–3 Month Focus: Establish foundational Agentic Delivery capabilities including strategy, governance, human-in-the-loop controls, executive sponsorship, decision rights and agent workforce planning.

Sheet Domain Recommendation Library
B3: Domain Recommendation Library
B6: Domain | C6: Recommendation
B7: Strategy & Value | C7: Develop and approve an Agentic Delivery Strategy and roadmap.
B8: Governance & Risk | C8: Establish Agent Governance Board and accountability model.
B9: Human-in-the-Loop | C9: Define decision rights, approvals and escalation controls.
B10: Agent Workforce Design | C10: Develop agent role catalogue and workforce blueprint.
B11: Technology & Architecture | C11: Implement agent orchestration, monitoring and integration capabilities.
B12: Measurement & Optimisation | C12: Establish KPI framework and benefits realisation dashboard.

Sheet Agentic Delivery Framework Gui
B1: AGENTIC DELIVERY READINESS ASSESSMENT™
B3: Instructions & Assessment Guide
B5: Purpose
B7: The Agentic Delivery Readiness Assessment™ is designed to help organisations evaluate their readiness to introduce, govern, and scale AI agents across delivery, product, PMO, transformation and operational teams.
B9: As organisations increasingly adopt AI agents to augment decision-making, automate delivery activities, improve productivity and accelerate business outcomes, it is essential to establish the governance, operating models, technology capabilities and human oversight required for successful deployment.
B11: This assessment provides a structured framework to evaluate organisational readiness for agent-enabled delivery, enabling leaders to identify capability gaps, prioritise investments and develop a roadmap for safe, scalable and value-driven adoption of AI agents.
B13: The assessment includes a maturity scoring model that generates readiness scores, risk indicators, recommendations and improvement priorities.
B17: How to Use This Workbook
B19: Step 1 – Complete the Assessment Questionnaire
B21: Navigate to the Agentic Delivery Assessment worksheet and evaluate each assessment statement using the Agentic Delivery Maturity Model.
B23: Select the maturity score that best reflects your organisation's current state.
B25: Step 2 – Review Automated Scoring
... B168: Each assessment question should be scored using the following maturity scale:
B170: Score | C170: Maturity Level | D170: Description
B171: 1 | C171: Assisted Delivery | D171: Individuals use AI tools for productivity with minimal governance.
B172: 2 | C172: Coordinated Agents | D172: Agents support team activities through isolated use cases.
B173: 3 | C173: Governed Agentic Delivery | D173: Governance, oversight and operating models are established.
B174: 4 | C174: Scaled Agent Workforce | D174: Agents are embedded across delivery functions and teams.
B175: 5 | C175: Autonomous Enterprise Delivery | D175: Human-agent ecosystems operate at scale with continuous optimisation.
B178: Assessment Outputs
B180: Upon completion, the workbook will automatically generate:
B182: Overall Agentic Delivery Score
B183: Agentic Delivery Maturity Level
B184: Domain-Level Scores
B185: Agentic Delivery Heatmap
B186: Agentic Delivery Radar Chart
B187: Executive Dashboard
B188: Human Oversight Readiness Score
B189: Delivery Risk Indicators
B190: Priority Improvement Areas
B191: Strategic Recommendations
... B209: Audit and Assurance Processes
