Workbook

Sheet RAID DASHBOARD
B2: RAID LOG & DASHBOARD
B3: Programme Name: | H3: Programme Health | M3: 0-30= Excellent governance health
B4: Project Manager: | H4: =AA12 -> Green | M4: 31-60 = Needs attention
H5: Governance Health Score: | J5: =AA10 -> 0 | M5: 61+ = Significant concern
B8: Risks | G8: Assumptions | L8: Issues | Q8: Dependencies
AA10: =SUM(N(B18)*10,N(B19)*5,N(B20)*1,N(L18)*12,N(L20)*6,N(L22)*2,N(Q18)*8,N(Q20)*4,N(Q22)*1,N(G18)*4,N(G20)*2,N(G22)*1) -> 0
AA11: =AA10/100 -> 0
AA12: =IF(AA10>60,"Red",IF(AA10>30,"Amber","Green")) -> Green
B15: =Risks!F7 -> 0 | G15: =Assumptions!H8 -> 0 | L15: =Issues!E8 -> 0 | Q15: =Dependencies!E8 -> 0
D17: LEVEL
B18: =IF(COUNTIFS(Risks!I:I,"High",Risks!J:J,"<>Closed")=0,"",COUNTIFS(Risks!I:I,"High",Risks!J:J,"<>Closed")) | D18: High | G18: =IF(COUNTIFS(Assumptions!I:I,"High",Assumptions!J:J,"<>Closed")=0,"",COUNTIFS(Assumptions!I:I,"High",Assumptions!J:J,"<>Closed")) | I18: High | L18: =IF(COUNTIFS(Issues!F:F,"High",Issues!G:G,"<>Closed")=0,"",COUNTIFS(Issues!F:F,"High",Issues!G:G,"<>Closed")) | N18: High | Q18: =IF(COUNTIFS(Dependencies!F:F,"High",Dependencies!G:G,"<>Closed")=0,"",COUNTIFS(Dependencies!F:F,"High",Dependencies!G:G,"<>Closed")) | S18: High
B19: =IF(COUNTIFS(Risks!I:I,"Moderate",Risks!J:J,"<>Closed")=0,"",COUNTIFS(Risks!I:I,"Moderate",Risks!J:J,"<>Closed")) | D19: Moderate
B20: =IF(COUNTIFS(Risks!I:I,"Low",Risks!J:J,"<>Closed")=0,"",COUNTIFS(Risks!I:I,"Low",Risks!J:J,"<>Closed")) | D20: Low | G20: =IF(COUNTIFS(Assumptions!I:I,"Moderate",Assumptions!J:J,"<>Closed")=0,"",COUNTIFS(Assumptions!I:I,"Moderate",Assumptions!J:J,"<>Closed")) | I20: Moderate | L20: =IF(COUNTIFS(Issues!F:F,"Moderate",Issues!G:G,"<>Closed")=0,"",COUNTIFS(Issues!F:F,"Moderate",Issues!G:G,"<>Closed")) | N20: Moderate | Q20: =IF(COUNTIFS(Dependencies!F:F,"Moderate",Dependencies!G:G,"<>Closed")=0,"",COUNTIFS(Dependencies!F:F,"Moderate",Dependencies!G:G,"<>Closed")) | S20: Moderate
D22: TREND | G22: =IF(COUNTIFS(Assumptions!I:I,"Low",Assumptions!J:J,"<>Closed")=0,"",COUNTIFS(Assumptions!I:I,"Low",Assumptions!J:J,"<>Closed")) | I22: Low | L22: =IF(COUNTIFS(Issues!F:F,"Low",Issues!G:G,"<>Closed")=0,"",COUNTIFS(Issues!F:F,"Low",Issues!G:G,"<>Closed")) | N22: Low | Q22: =IF(COUNTIFS(Dependencies!F:F,"Low",Dependencies!G:G,"<>Closed")=0,"",COUNTIFS(Dependencies!F:F,"Low",Dependencies!G:G,"<>Closed")) | S22: Low
B23: =IF(COUNTIFS(Risks!N:N,"Deteriorating",Risks!J:J,"<>Closed")=0,"",COUNTIFS(Risks!N:N,"Deteriorating",Risks!J:J,"<>Closed")) | D23: Deteriorating
B24: =IF(COUNTIFS(Risks!N:N,"No Change",Risks!J:J,"<>Closed")=0,"",COUNTIFS(Risks!N:N,"No Change",Risks!J:J,"<>Closed")) | D24: No Change
B25: =IF(COUNTIFS(Risks!N:N,"Improving",Risks!J:J,"<>Closed")=0,"",COUNTIFS(Risks!N:N,"Improving",Risks!J:J,"<>Closed")) | D25: Improving
B27: =Risks!C8 | D27: Mitigated | G27: =Assumptions!C8 | I27: Upheld | L27: =Issues!B8 | N27: Closed | Q27: =Dependencies!B8 | S27: Committed
B30: Date | G30: Version | L30: Overall Status | Q30: Stakeholders
G31: V1.0
B34: Executive Summary

Sheet Risks
A1: RISKS
A2: Fill in Grey fields ONLY | N2: RAID SUMMARY
A3: (PROJECT NAME) | E3: Number of Risks | N3: RISKS | O3: =IF(F7=0, "", F7)
E4: High | F4: {=IF(SUM(IF((I:I="High")*(J:J<>"closed"),1,0))=0,"",SUM(IF((I:I="High")*(J:J<>"closed"),1,0)))} | N4: ASSUMPTIONS | O4: =IF(Assumptions!L6=0,"",Assumptions!L6)
E5: Moderate | F5: {=IF(SUM(IF((I:I="Moderate")*(J:J<>"closed"),1,0))=0,"",SUM(IF((I:I="Moderate")*(J:J<>"closed"),1,0)))} | N5: ISSUES | O5: =IF(Issues!E8=0,"",Issues!E8)
E6: Low | F6: {=IF(SUM(IF((I:I="Low")*(J:J<>"closed"),1,0))=0,"",SUM(IF((I:I="Low")*(J:J<>"closed"),1,0)))} | N6: DEPENDENCIES | O6: =IF(Dependencies!E8=0,"",Dependencies!E8)
C7: Mitigated | E7: Total | F7: =SUM(F4:F6) -> 0
C8: {=IF((SUMPRODUCT((K:K="Yes")*(J:J<>"closed")) + SUMPRODUCT((K:K="No")*(J:J<>"closed"))) = 0, "", SUMPRODUCT((K:K="Yes")*(J:J<>"closed")) / (SUMPRODUCT((K:K="Yes")*(J:J<>"closed")) + SUMPRODUCT((K:K="No")*(J:J<>"closed"))))}
A10: RISK ID | B10: TITLE | C10: DESCRIPTION | D10: IMPACT | E10: DATE ADDED | F10: RISK | J10: STATUS | K10: MITIGATED | L10: ACTIONS | M10: LAST UPDATED | N10: TREND | O10: OWNER | P10: DATE DUE
E11: DD/MM/YY | F11: IMPACT | G11: LIKELIHOOD | H11: SCORE | I11: LEVEL
A12: R001 | C12: There is a risk that … | H12: =IF(OR(ISBLANK(F12), ISBLANK(G12)), "", F12*G12) | I12: =IF(AND(H12>=1,H12<=4),"Low", IF(AND(H12>=5,H12<=12),"Moderate", IF(AND(H12>=13,H12<=25),"High","")))
A13: R002 | C13: There is a risk that … | H13: =IF(OR(ISBLANK(F13), ISBLANK(G13)), "", F13*G13) | I13: =IF(AND(H13>=1,H13<=4),"Low", IF(AND(H13>=5,H13<=12),"Moderate", IF(AND(H13>=13,H13<=25),"High","")))
A14: R003 | C14: There is a risk that … | H14: =IF(OR(ISBLANK(F14), ISBLANK(G14)), "", F14*G14) | I14: =IF(AND(H14>=1,H14<=4),"Low", IF(AND(H14>=5,H14<=12),"Moderate", IF(AND(H14>=13,H14<=25),"High","")))
A15: R004 | C15: There is a risk that … | H15: =IF(OR(ISBLANK(F15), ISBLANK(G15)), "", F15*G15) | I15: =IF(AND(H15>=1,H15<=4),"Low", IF(AND(H15>=5,H15<=12),"Moderate", IF(AND(H15>=13,H15<=25),"High","")))
A16: R005 | C16: There is a risk that … | H16: =IF(OR(ISBLANK(F16), ISBLANK(G16)), "", F16*G16) | I16: =IF(AND(H16>=1,H16<=4),"Low", IF(AND(H16>=5,H16<=12),"Moderate", IF(AND(H16>=13,H16<=25),"High","")))
A17: R006 | C17: There is a risk that … | H17: =IF(OR(ISBLANK(F17), ISBLANK(G17)), "", F17*G17) | I17: =IF(AND(H17>=1,H17<=4),"Low", IF(AND(H17>=5,H17<=12),"Moderate", IF(AND(H17>=13,H17<=25),"High","")))
A18: R007 | C18: There is a risk that … | H18: =IF(OR(ISBLANK(F18), ISBLANK(G18)), "", F18*G18) | I18: =IF(AND(H18>=1,H18<=4),"Low", IF(AND(H18>=5,H18<=12),"Moderate", IF(AND(H18>=13,H18<=25),"High","")))
A19: R008 | C19: There is a risk that … | H19: =IF(OR(ISBLANK(F19), ISBLANK(G19)), "", F19*G19) | I19: =IF(AND(H19>=1,H19<=4),"Low", IF(AND(H19>=5,H19<=12),"Moderate", IF(AND(H19>=13,H19<=25),"High","")))
A20: R009 | C20: There is a risk that … | H20: =IF(OR(ISBLANK(F20), ISBLANK(G20)), "", F20*G20) | I20: =IF(AND(H20>=1,H20<=4),"Low", IF(AND(H20>=5,H20<=12),"Moderate", IF(AND(H20>=13,H20<=25),"High","")))
A21: R010 | C21: There is a risk that … | H21: =IF(OR(ISBLANK(F21), ISBLANK(G21)), "", F21*G21) | I21: =IF(AND(H21>=1,H21<=4),"Low", IF(AND(H21>=5,H21<=12),"Moderate", IF(AND(H21>=13,H21<=25),"High","")))
A22: R011 | C22: There is a risk that … | H22: =IF(OR(ISBLANK(F22), ISBLANK(G22)), "", F22*G22) | I22: =IF(AND(H22>=1,H22<=4),"Low", IF(AND(H22>=5,H22<=12),"Moderate", IF(AND(H22>=13,H22<=25),"High","")))
A23: R012 | C23: There is a risk that … | H23: =IF(OR(ISBLANK(F23), ISBLANK(G23)), "", F23*G23) | I23: =IF(AND(H23>=1,H23<=4),"Low", IF(AND(H23>=5,H23<=12),"Moderate", IF(AND(H23>=13,H23<=25),"High","")))
... A28: R017 | C28: There is a risk that … | H28: =IF(OR(ISBLANK(F28), ISBLANK(G28)), "", F28*G28) | I28: =IF(AND(H28>=1,H28<=4),"Low", IF(AND(H28>=5,H28<=12),"Moderate", IF(AND(H28>=13,H28<=25),"High","")))

Sheet Assumptions
A1: ASSUMPTIONS
A2: Fill in Grey fields ONLY
A4: (PROJECT NAME) | G4: Number of Assumptions | K4: RAID SUMMARY
G5: High | H5: {=IF(SUM(IF((I:I="High")*(J:J<>"closed"),1,0))=0,"",SUM(IF((I:I="High")*(J:J<>"closed"),1,0)))} | K5: RISKS | L5: =IF(Risks!F7=0,"",Risks!F7)
G6: Moderate | H6: {=IF(SUM(IF((I:I="Moderate")*(J:J<>"closed"),1,0))=0,"",SUM(IF((I:I="Moderate")*(J:J<>"closed"),1,0)))} | K6: ASSUMPTIONS | L6: =IF(H8=0, "", H8)
C7: Upheld | G7: Low | H7: {=IF(SUM(IF((I:I="Low")*(J:J<>"closed"),1,0))=0,"",SUM(IF((I:I="Low")*(J:J<>"closed"),1,0)))} | K7: ISSUES | L7: =IF(Issues!E8=0,"",Issues!E8)
C8: =IF(COUNTA(J:J)=0, "", IFERROR(COUNTIFS(J:J, "upheld", J:J, "<>closed") / (COUNTIFS(J:J, "upheld", J:J, "<>closed") + COUNTIFS(J:J, "identified", J:J, "<>closed")), "")) | G8: Total | H8: =SUM(H5:H7) -> 0 | K8: DEPENDENCIES | L8: =IF(Dependencies!E8=0,"",Dependencies!E8)
A11: RISK ID | B11: TITLE | C11: DESCRIPTION | D11: IMPLICATION | E11: DATE ADDED | F11: ASSUMPTION/CONSTRAINT | G11: RECORDED BY | H11: STAKEHOLDERS INVOLVED | I11: CRITICALITY | J11: STATUS | K11: ACTIONS | L11: LAST UPDATED | M11: OWNER | N11: NOTES
A13: A001 | C13: There is an assumption that …
A14: A002 | C14: There is an assumption that …
A15: A003 | C15: There is an assumption that …
A16: A004 | C16: There is an assumption that …
A17: A005 | C17: There is an assumption that …
A18: A006 | C18: There is an assumption that …
A19: A007 | C19: There is an assumption that …
A20: A008 | C20: There is an assumption that …
A21: A009 | C21: There is an assumption that …
A22: A010 | C22: There is an assumption that …
A23: A011 | C23: There is an assumption that …
A24: A012 | C24: There is an assumption that …
... A29: A017 | C29: There is an assumption that …

Sheet Issues
A1: ISSUES
A2: Fill in Grey fields ONLY
A4: (PROJECT NAME) | D4: Number of Issues | I4: RAID SUMMARY
D5: High | E5: {=IF(SUM(IF((F:F="High")*(G:G<>"closed"),1,0))=0,"",SUM(IF((F:F="High")*(G:G<>"closed"),1,0)))} | I5: RISKS | J5: =IF(Risks!F7=0,"",Risks!F7)
D6: Moderate | E6: {=IF(SUM(IF((F:F="Moderate")*(G:G<>"closed"),1,0))=0,"",SUM(IF((F:F="Moderate")*(G:G<>"closed"),1,0)))} | I6: ASSUMPTIONS | J6: =IF(Assumptions!L6=0,"",Assumptions!L6)
B7: Closed | D7: Low | E7: {=IF(SUM(IF((F:F="Low")*(G:G<>"closed"),1,0))=0,"",SUM(IF((F:F="Low")*(G:G<>"closed"),1,0)))} | I7: ISSUES | J7: =IF(E8=0, "", E8)
B8: =IF(COUNTA(G:G)=0, "", IFERROR(COUNTIF(G:G, "closed") / (COUNTIF(G:G, "closed") + COUNTIF(G:G, "open")), "")) | D8: Total | E8: =SUM(E5:E7) -> 0 | I8: DEPENDENCIES | J8: =IF(Dependencies!E8=0,"",Dependencies!E8)
A11: RISK ID | B11: TITLE | C11: DESCRIPTION | D11: IMPACT DESCRIPTION | E11: DATE ADDED | F11: ISSUE SCORE | G11: STATUS | H11: ACTIONS | I11: LAST UPDATED | J11: OWNER | K11: DATE DUE
A13: I001
A14: I002
A15: I003
A16: I004
A17: I005
A18: I006
A19: I007
A20: I008
A21: I009
A22: I010
A23: I011
A24: I012
... A29: I017

Sheet Dependencies
A1: DEPENDENCIES
A2: Fill in Grey fields ONLY
A4: (PROJECT NAME) | D4: Number of Dependencies | I4: RAID SUMMARY
D5: High | E5: {=IF(SUM(IF((F:F="High")*(G:G<>"closed"),1,0))=0,"",SUM(IF((F:F="High")*(G:G<>"closed"),1,0)))} | I5: RISKS | J5: =IF(Risks!F7=0,"",Risks!F7)
D6: Moderate | E6: {=IF(SUM(IF((F:F="Moderate")*(G:G<>"closed"),1,0))=0,"",SUM(IF((F:F="Moderate")*(G:G<>"closed"),1,0)))} | I6: ASSUMPTIONS | J6: =IF(Assumptions!L6=0,"",Assumptions!L6)
B7: COMMITTED | D7: Low | E7: {=IF(SUM(IF((F:F="Low")*(G:G<>"closed"),1,0))=0,"",SUM(IF((F:F="Low")*(G:G<>"closed"),1,0)))} | I7: ISSUES | J7: =Issues!E8 -> 0
B8: =IF(COUNTA(G:G)=0, "", IFERROR(COUNTIFS(G:G, "committed", G:G, "<>closed") / (COUNTIFS(G:G, "committed", G:G, "<>closed") + COUNTIFS(G:G, "not committed", G:G, "<>closed")), "")) | D8: Total | E8: =SUM(E5:E7) -> 0 | I8: DEPENDENCIES | J8: =E8 -> 0
A11: RISK ID | B11: TITLE | C11: DESCRIPTION | D11: IMPACT DESCRIPTION | E11: DATE ADDED | F11: PRIORITY | G11: STATUS | H11: ACTIONS | I11: LAST UPDATED | J11: OWNER | K11: DATE DUE
A13: I001 | C13: There is a dependency on …
A14: I002 | C14: There is a dependency on …
A15: I003 | C15: There is a dependency on …
A16: I004 | C16: There is a dependency on …
A17: I005 | C17: There is a dependency on …
A18: I006 | C18: There is a dependency on …
A19: I007 | C19: There is a dependency on …
A20: I008 | C20: There is a dependency on …
A21: I009 | C21: There is a dependency on …
A22: I010 | C22: There is a dependency on …
A23: I011 | C23: There is a dependency on …
A24: I012 | C24: There is a dependency on …
... A29: I017 | C29: There is a dependency on …

Sheet Risk Scoring
K3: Key
K4: 1-4 | L4: Low Risk
K5: 5-12 | L5: Moderate Risk
K6: 13-25 | L6: High Risk
A12: Overview of Risk Score Matrix Based on Impact and Likelihood
A14: The Risk Score Matrix tool is used to assess and prioritise risks by evaluating the impact and likelihood of potential events.
A15: Each risk is rated on two dimensions:
A16: Impact (the severity of consequences if the event occurs) and Likelihood (the probability of the event occurring). Both dimensions are scored on a scale of 1 to 5 and categorised into Low, Moderate, and High.
A18: Components:
A20: 1. Impact:
A21: - Low (1-2): The event will have minimal consequences.
A22: - Moderate (3-4): The event will have noticeable but manageable consequences.
A23: - High (5): The event will have severe consequences.
A25: 2. Likelihood:
A26: - Low (1-2): The event is unlikely to occur.
A27: - Moderate (3-4): The event has a reasonable chance of occurring.
... A59: The matrix helps in identifying and prioritising risks, enabling the team to focus on managing the most significant risks effectively. It provides a visual representation of risks, facilitating better decision-making and resource allocation.

Sheet Help Page
A2: The RAID log is used to document and track four critical aspects of our project: Risks, Assumptions, Issues, and Dependencies. Each component of the RAID log serves a specific purpose:
A4: Risks: Potential problems that might occur in the future and have an impact on the project.
A5: Assumptions: Things assumed to be true for the project to be successful.
A6: Issues: Current problems that need to be resolved.
A7: Dependencies: Tasks or activities that depend on the completion of other tasks or activities.
A9: Risk Log
A11: The Risk log is used to identify, assess, and manage risks that could impact the project. Risks are potential future events or conditions that, if they occur, can have a negative impact on the project's objectives, timeline, budget, or scope.
A13: Key components of a Risk log include:
A15: Risk ID: A unique identifier for each risk.
A16: Title: A brief, descriptive title for the risk.
A17: Description: A detailed description of the risk.
A18: Impact: The potential impact of the risk on the project (e.g., high, moderate, low).
... A165: Example: If the dependency is on a software module delivery, the impact description might detail potential project delays, increased costs, or resource reallocations required if the module is not delivered on time.
